feature_0,feature_1,feature_2,feature_3,feature_4,feature_5,feature_6,feature_7,feature_8,feature_9
0.5488135,0.7151894,0.6027634,0.5448832,0.4236548,0.6458941,0.4375872,0.8917730,0.9636628,0.3834415
0.7917250,0.5288949,0.5680446,0.9255966,0.0710360,0.0871293,0.0202184,0.8326198,0.7781567,0.8700121
0.9786183,0.7991586,0.4614794,0.7805292,0.1183197,0.6399210,0.1433533,0.9446689,0.5218483,0.4146619
0.2645556,0.7742337,0.4561503,0.5684339,0.0187898,0.6176355,0.9121229,0.6120957,0.6169340,0.9437480
0.6818203,0.3595079,0.4375872,0.8917730,0.9636628,0.3834415,0.7917250,0.5288949,0.5680446,0.9255966
